label,t,p,d,ctrl_M,intr_M,diff,ci_low,ci_high,test
Pretest balance,0.4409643079947101,0.6621971640486153,0.1462705539019314,2.235294117647059,2.4,0.16470588235294104,-0.5960478979926537,0.9254596626985357,balance
learning_gain,0.3439141985161029,0.7331260080935016,0.11396228827683942,0.7647058823529411,0.9,0.1352941176470589,-0.6655416966089794,0.9361299319030972,H2
H3: Subjektiv læring,0.43310032776688684,0.6677128914416686,0.143104532928794,3.411764705882353,3.65,0.2382352941176471,-0.8801813087572659,1.35665189699256,secondary
H4a: Nem samtale,-1.4483893579255482,0.15666942284849347,-0.4713425640879208,4.529411764705882,3.85,-0.6794117647058822,-1.6327033432876417,0.27387981387587723,secondary
H4b: Tilpasning,-0.4649088342488393,0.6449659097025765,-0.15342504477656552,3.6470588235294117,3.4,-0.24705882352941178,-1.327093254623426,0.8329756075646024,secondary
H5: Mental indsats,2.150286573510265,0.039741154994649475,0.7165306512794678,4.470588235294118,5.65,1.1794117647058826,0.05909389047183344,2.2997296389399318,secondary
H7: Chat varighed,0.8417822374968134,0.4060729599623806,0.27276279872469394,5.310846078431373,6.171528333333333,0.8606822549019597,-1.2208787608796374,2.942243270683557,secondary
H8: Fritekst tegn,-0.9085187459024666,0.372897650668757,-0.3065141958957748,304.47058823529414,286.55,-17.920588235294133,-58.69389209580565,22.852715625217385,secondary
