label,t,p,d,ctrl_M,intr_M,diff,ci_low,ci_high,test
Pretest balance,0.4911890436123207,0.6284737525722581,0.19893048667462293,2.272727272727273,2.5,0.22727272727272707,-0.7359704438928235,1.1905158984382775,balance
learning_gain,0.5079149891828381,0.6168718313404511,0.20560686604540385,0.5454545454545454,0.7857142857142857,0.24025974025974028,-0.7442083839157174,1.224727864435198,H2
H3: Subjektiv læring,-0.46206614530034845,0.6489319614626385,-0.18738649096700852,3.727272727272727,3.4285714285714284,-0.2987012987012987,-1.6456153951268575,1.0482127977242601,secondary
H4a: Nem samtale,-1.5604708113026458,0.13232546381046786,-0.6208095907407104,4.545454545454546,3.642857142857143,-0.9025974025974031,-2.099241910738373,0.2940471055435665,secondary
H4b: Tilpasning,-1.078204996542011,0.29260495188812363,-0.43329193186004267,4.0,3.2857142857142856,-0.7142857142857144,-2.0880545930290593,0.6594831644576302,secondary
H5: Mental indsats,1.033375532815972,0.3130328833769098,0.41716969632141176,5.181818181818182,5.785714285714286,0.6038961038961039,-0.6104578363309612,1.818250044123169,secondary
H7: Chat varighed,1.1571064821970756,0.26149984751372013,0.4475596394417221,5.25659696969697,6.775367857142858,1.5187708874458883,-1.227529027154322,4.265070802046099,secondary
H8: Fritekst tegn,-0.9324667283174709,0.36769367588509594,-0.39009650472125434,314.90909090909093,288.42857142857144,-26.48051948051949,-87.68321833369347,34.722179372654495,secondary
