label,t,p,d,ctrl_M,intr_M,diff,ci_low,ci_high,test
Pretest balance,1.1517802587144577,0.2561888904543504,0.3389608998526477,2.1363636363636362,2.52,0.3836363636363638,-0.2893595678312785,1.0566322951040061,balance
learning_gain,0.22124078156894447,0.8259470935621959,0.06482513503102656,0.7272727272727273,0.8,0.07272727272727275,-0.5901147805548488,0.7355693260093943,H2
H3: Subjektiv læring,1.05842366880345,0.2957079368887465,0.30996548387601386,3.1363636363636362,3.64,0.5036363636363639,-0.4556759338270818,1.4629486610998095,secondary
H4a: Nem samtale,-1.3905008386723474,0.17121735063717047,-0.40460289986755743,4.454545454545454,3.84,-0.6145454545454543,-1.504703411957137,0.2756125028662285,secondary
H4b: Tilpasning,0.05369147846638193,0.9574257760364155,0.01571697882113232,3.4545454545454546,3.48,0.025454545454545396,-0.9302053660585398,0.9811144569676306,secondary
H5: Mental indsats,1.732097701797551,0.09029815469414235,0.5069297025053735,4.454545454545454,5.36,0.9054545454545462,-0.14823263210861937,1.9591417230177117,secondary
H7: Chat varighed,1.4216842866331423,0.16353302514793924,0.407819044653284,5.005627272727273,6.364594,1.358966727272727,-0.5781559274407104,3.2960893819861647,secondary
H8: Fritekst tegn,-0.42055052250619607,0.6768161572428008,-0.12484880217823155,294.8181818181818,288.0,-6.818181818181813,-39.805896278916435,26.16953264255281,secondary
