label,t,p,d,ctrl_M,intr_M,diff,ci_low,ci_high,test
Pretest balance,0.3651126773676918,0.7187876644578117,0.14412730888385572,2.272727272727273,2.4375,0.16477272727272707,-0.7754626017042354,1.1050080562496896,balance
learning_gain,0.4520767888805787,0.6561510930689186,0.17918950720564092,0.5454545454545454,0.75,0.20454545454545459,-0.7401751001039586,1.1492660091948679,H2
H3: Subjektiv læring,-0.2586160733869751,0.7985168009501996,-0.10205027596769817,3.727272727272727,3.5625,-0.16477272727272707,-1.4919416437188155,1.1623961891733614,secondary
H4a: Nem samtale,-1.3117317706864386,0.20190159260533394,-0.5036788097013771,4.545454545454546,3.8125,-0.7329545454545459,-1.8856050170304204,0.41969592612132867,secondary
H4b: Tilpasning,-0.8863271045171348,0.385103571914285,-0.34676996146692396,4.0,3.4375,-0.5625,-1.8792773387043402,0.7542773387043402,secondary
H5: Mental indsats,0.7630647549377186,0.45355363878738486,0.29833118842501183,5.181818181818182,5.625,0.44318181818181834,-0.7615122300082502,1.6478758663718869,secondary
H7: Chat varighed,1.0294378812166018,0.3140080034143846,0.37926678120167007,5.25659696969697,6.4891708333333336,1.2325738636363637,-1.2446645514476389,3.7098122787203662,secondary
H8: Fritekst tegn,-1.1073224547302334,0.28847292905443755,-0.4594811641619394,314.90909090909093,283.8125,-31.096590909090935,-91.84408309906182,29.65090128087995,secondary
